1,e
4,e
6,e
8,p
9,e
12,e
14,p
15,e
17,e
18,e
20,p
22,p
23,e
29,e
30,e
31,p
32,p
33,e
34,p
36,p
37,e
38,e
39,e
42,p
44,p
45,e
48,e
49,p
50,e
51,p
57,p
59,p
64,p
65,e
66,p
67,p
69,p
70,e
72,p
84,e
85,e
87,p
88,e
90,p
95,p
96,p
98,e
104,e
108,p
109,p
113,e
114,e
117,p
118,e
119,p
121,p
122,p
124,p
125,p
130,e
133,e
134,p
135,p
137,e
138,p
140,e
142,e
143,e
144,e
147,e
148,p
152,p
154,e
156,p
157,p
158,p
159,e
161,p
162,e
166,e
167,p
170,e
172,e
173,e
176,e
185,e
187,e
188,p
189,e
190,p
191,p
192,p
194,e
195,p
196,e
200,p
202,e
203,p
204,e
206,p
210,p
211,e
214,e
217,p
218,e
219,e
220,p
221,p
223,p
224,p
226,e
227,p
229,e
230,e
233,p
234,p
235,p
238,e
240,e
241,e
242,p
244,e
245,p
246,e
247,p
249,p
252,p
253,e
257,e
258,e
260,e
261,e
263,e
265,p
269,e
271,e
272,e
273,p
274,e
276,p
277,p
282,e
283,e
285,e
286,e
287,p
289,e
290,e
291,e
294,e
295,p
296,p
298,e
302,e
304,p
308,e
311,p
313,e
314,p
317,p
318,e
320,p
321,p
322,p
325,p
326,e
333,e
342,p
345,e
346,p
347,e
348,e
349,p
352,e
353,p
356,e
357,p
361,p
364,p
365,p
366,p
368,e
369,e
371,e
376,p
378,e
379,p
380,p
381,p
382,p
383,e
384,e
388,e
393,e
394,p
396,p
398,e
401,p
402,p
405,e
406,e
408,p
409,p
410,p
413,e
414,e
415,p
418,e
420,p
422,p
428,p
429,e
435,p
439,p
440,p
441,e
443,p
444,p
446,e
450,p
451,p
452,e
453,e
454,p
456,e
457,p
461,e
462,p
463,p
464,e
465,e
467,e
468,p
470,p
471,e
472,p
474,e
475,p
476,e
479,p
480,p
481,p
483,e
487,p
488,e
489,p
491,p
495,p
496,e
498,e
499,e
500,p
502,e
507,e
509,p
514,e
517,e
519,e
520,p
521,e
522,p
526,e
527,p
528,e
530,p
531,p
532,p
533,e
534,e
535,p
538,p
539,e
541,e
543,e
545,p
546,p
548,e
549,e
552,e
554,p
555,e
556,e
557,e
558,e
559,e
561,e
562,e
565,e
567,e
569,e
570,p
572,e
574,e
575,p
576,e
578,e
579,e
581,e
582,e
584,p
587,e
593,p
596,p
597,e
598,e
599,p
601,p
607,p
608,e
613,e
616,p
619,e
620,p
621,e
624,p
628,p
629,p
630,p
633,p
634,p
635,e
636,p
639,e
641,p
642,e
643,e
646,p
648,p
649,e
651,p
655,e
658,p
660,e
661,p
666,e
667,p
668,e
669,e
675,e
678,e
682,e
683,e
684,e
685,e
687,p
689,p
690,p
692,p
693,p
695,e
700,p
704,p
708,e
710,e
713,e
716,p
718,p
719,e
720,p
722,e
723,e
725,e
726,e
727,e
728,p
729,e
731,e
733,e
735,p
737,p
743,p
745,p
747,e
748,e
751,p
758,e
760,e
763,p
768,p
771,e
773,p
775,e
776,e
779,p
780,e
783,e
788,e
789,e
792,e
793,e
794,e
799,e
800,p
803,e
806,e
811,p
812,e
813,e
817,p
818,e
825,e
826,p
828,e
829,e
831,p
832,p
834,p
836,p
840,e
841,p
842,p
843,e
844,p
847,e
849,p
850,p
852,e
854,p
856,p
861,p
862,p
863,p
864,e
865,p
866,p
867,e
868,e
871,e
872,e
873,p
874,p
875,e
878,p
880,e
882,e
883,p
888,e
890,p
891,e
892,p
893,p
895,p
896,e
898,p
899,p
900,e
906,e
910,e
912,p
913,p
914,e
916,p
917,p
918,e
921,p
923,e
925,p
927,e
930,e
933,e
938,p
939,e
942,p
944,e
949,e
951,e
953,e
955,p
958,p
962,e
963,e
965,e
971,p
976,e
977,e
978,e
979,p
980,p
982,e
983,p
984,e
985,p
987,e
989,e
990,p
991,p
992,e
993,e
994,p
995,p
996,p
1001,e
1002,e
1003,p
1005,p
1008,p
1011,e
1012,p
1013,p
1014,p
1019,p
1021,p
1022,p
1027,p
1029,e
1031,p
1034,p
1035,p
1036,p
1037,e
1041,p
1042,e
1043,e
1044,p
1045,e
1046,e
1047,e
1049,p
1050,p
1051,e
1058,e
1060,p
1061,p
1063,e
1065,p
1066,p
1067,e
1069,p
1070,e
1073,p
1075,e
1081,e
1082,e
1083,p
1084,e
1085,p
1086,p
1087,e
1089,p
1091,e
1095,p
1096,e
1098,e
1103,e
1104,e
1106,p
1108,p
1109,p
1112,p
1114,p
1115,p
1116,e
1118,e
1119,e
1120,e
1121,e
1122,p
1123,p
1127,p
1129,e
1132,p
1136,p
1139,e
1140,p
1141,p
1142,e
1143,p
1145,p
1148,p
1149,p
1150,e
1151,e
1155,p
1156,e
1160,e
1161,p
1163,e
1165,e
1168,e
1170,p
1171,p
1172,p
1173,p
1176,p
1177,p
1180,p
1182,e
1184,p
1185,p
1189,p
1191,p
1192,p
1194,p
1196,e
1197,e
1202,p
1203,p
1206,e
1212,e
1213,e
1216,e
1220,e
1223,e
1224,e
1225,e
1231,e
1232,p
1234,e
1235,p
1236,e
1237,e
1238,p
1240,p
1245,e
1246,p
1247,e
1248,e
1250,p
1255,e
1259,p
1261,p
1262,p
1265,p
1267,p
1270,e
1272,e
1273,p
1274,p
1275,e
1276,p
1277,e
1278,p
1279,e
1280,p
1281,e
1282,p
1283,e
1284,e
1285,e
1288,p
1290,e
1292,e
1293,e
1294,e
1295,e
1298,p
1299,e
1302,e
1303,p
1304,e
1309,p
1313,e
1314,e
1315,e
1318,p
1319,e
1326,e
1327,e
1328,p
1329,p
1330,e
1332,e
1334,e
1336,e
1338,e
1341,e
1343,p
1346,e
1349,e
1351,p
1352,e
1357,e
1358,e
1359,p
1361,p
1362,p
1363,p
1364,p
1367,e
1368,e
1369,p
1370,p
1371,e
1373,p
1376,e
1377,e
1379,e
1380,e
1382,p
1386,e
1387,p
1388,p
1389,p
1390,e
1391,e
1393,e
1395,p
1398,p
1399,e
1405,e
1406,e
1410,p
1411,e
1413,p
1414,e
1418,p
1419,e
1420,e
1421,p
1422,p
1424,e
1425,e
1427,e
1428,e
1430,e
1431,e
1432,p
1433,e
1437,e
1441,p
1442,e
1444,p
1448,e
1450,e
1452,e
1453,e
1454,e
1455,p
1456,e
1457,e
1458,p
1460,e
1461,p
1464,e
1465,p
1467,e
1470,p
1471,p
1473,e
1475,p
1476,e
1478,e
1480,e
1482,p
1484,e
1485,e
1487,e
1489,e
1490,e
1491,e
1493,p
1495,e
1496,p
1497,e
1499,e
1500,p
1504,e
1505,p
1507,p
1509,p
1511,e
1513,e
1514,p
1515,e
1516,e
1519,e
1520,p
1521,p
1523,e
1524,p
1525,p
1526,e
1528,p
1529,p
1531,e
1533,e
1536,p
1540,e
1542,p
1544,p
1545,e
1547,p
1551,p
1554,p
1555,e
1556,e
1559,e
1563,e
1564,p
1567,p
1568,p
1569,p
1570,p
1571,e
1573,p
1578,p
1580,e
1581,e
1585,p
1586,e
1587,p
1590,e
1593,p
1595,p
1596,e
1597,e
1601,e
1606,p
1607,p
1615,e
1619,p
1620,e
1621,p
1622,e
1624,p
1625,p
1632,e
1633,p
1636,e
1640,p
1642,e
1643,e
1644,p
1649,e
1651,e
1652,e
1654,p
1656,e
1657,e
1658,p
1662,e
1665,p
1666,e
1668,p
1669,p
1670,p
1673,e
1675,p
1678,p
1680,p
1683,e
1687,p
1688,p
1691,p
1692,e
1695,p
1696,e
1698,e
1699,e
1700,p
1702,e
1705,p
1706,p
1708,e
1709,p
1710,p
1712,p
1715,e
1718,p
1721,e
1722,p
1726,e
1727,e
1732,e
1733,p
1736,e
1737,e
1738,e
1741,e
1742,e
1744,p
1746,p
1748,p
1749,e
1750,e
1751,e
1752,e
1753,p
1754,e
1755,e
1760,p
1761,p
1763,e
1765,p
1766,e
1767,p
1768,e
1771,p
1772,e
1774,e
1775,e
1778,e
1783,p
1784,p
1785,e
1786,e
1788,e
1789,p
1790,p
1791,p
1800,e
1803,e
1804,p
1806,e
1811,p
1812,p
1813,e
1814,p
1815,e
1816,p
1817,p
1819,p
1824,p
1826,p
1828,p
1829,p
1830,e
1831,e
1833,p
1835,p
1837,e
1839,e
1840,p
1843,e
1845,p
1846,e
1848,e
1850,e
1852,e
1853,p
1854,e
1855,e
1856,p
1859,p
1861,p
1864,p
1865,e
1867,p
1869,e
1870,p
1872,p
1875,e
1878,p
1881,e
1887,e
1888,p
1889,e
1891,e
1892,e
1893,e
1900,e
1902,e
1906,e
1912,p
1914,p
1916,p
1917,p
1921,e
1922,p
1926,p
1928,p
1930,e
1931,p
1933,e
1934,p
1936,e
1939,e
1940,e
1941,e
1942,p
1943,e
1946,p
1949,p
1951,p
1952,e
1953,e
1955,e
1957,p
1958,e
1961,p
1965,p
1969,p
1972,p
1974,p
1976,e
1977,p
1978,e
1979,e
1982,p
1983,e
1984,e
1985,e
1986,p
1989,e
1990,p
1994,p
1995,e
1996,e
1997,e
1998,p
2000,p
2001,p
2004,p
2006,p
2009,p
2011,p
2012,e
2013,p
2014,e
2016,e
2017,p
2019,e
2026,p
2027,e
2029,p
2030,p
2031,p
2032,p
2033,p
2036,e
2038,e
2039,p
2041,e
2043,p
2044,p
2048,p
2049,p
2055,p
2058,e
2060,e
2063,p
2065,e
2066,e
2067,e
2070,p
2071,p
2075,e
2076,e
2078,e
2079,e
2080,p
2081,p
2087,e
2088,p
2089,p
2090,e
2091,p
2092,e
2095,e
2100,e
2101,p
2102,e
2103,e
2104,e
2106,e
2108,p
2111,p
2112,e
2115,p
2118,e
2122,p
2124,p
2125,e
2126,e
2131,e
2132,p
2133,e
2134,p
2137,p
2139,e
2140,e
2141,p
2142,p
2147,e
2148,p
2149,p
2150,p
2152,p
2154,e
2161,p
2162,e
2164,e
2165,p
2166,e
2171,p
2172,e
2175,e
2177,p
2178,e
2179,p
2182,e
2183,p
2184,e
2188,p
2189,e
2190,p
2193,e
2194,p
2196,e
2200,e
2201,p
2203,e
2204,p
2207,p
2210,e
2211,e
2212,p
2213,e
2214,e
2215,e
2216,p
2217,e
2223,p
2224,e
2228,e
2229,p
2232,e
2234,p
2235,p
2239,p
2240,e
2241,e
2242,p
2243,p
2244,p
2247,p
2249,e
2250,p
2252,e
2259,e
2260,p
2262,e
2263,p
2265,e
2266,p
2267,p
2268,p
2270,p
2272,e
2275,e
2277,e
2278,e
2279,p
2284,p
2285,e
2287,p
2290,e
2293,p
2294,p
2300,p
2301,p
2303,e
2306,e
2308,e
2310,e
2311,p
2315,p
2318,p
2323,e
2325,p
2328,p
2329,e
2332,p
2334,p
2337,e
2339,p
2340,p
2343,e
2345,p
2346,e
2350,e
2351,e
2355,p
2357,p
2358,e
2359,e
2364,e
2367,e
2368,p
2369,e
2372,p
2373,e
2374,p
2377,e
2378,p
2379,e
2381,e
2382,e
2384,p
2385,p
2388,p
2393,p
2394,p
2396,p
2397,p
2399,p
2400,p
2401,p
2402,p
2404,p
2406,e
2407,e
2411,p
2412,e
2417,e
2419,p
2420,p
2423,p
2425,e
2426,e
2429,e
2433,e
2434,e
2436,p
2440,e
2443,p
2447,p
2448,p
2450,e
2453,p
2455,p
2456,p
2457,p
2459,p
2460,e
2462,e
2464,p
2465,p
2468,p
2470,p
2472,p
2475,p
2476,e
2478,e
2480,p
2481,e
2483,p
2484,e
2488,p
2490,e
2491,e
2493,p
2498,p
2500,p
2501,e
2505,p
2509,e
2513,e
2516,p
2518,p
2519,p
2521,p
2525,e
2526,e
2527,p
2528,e
2529,p
2530,p
2531,p
2533,e
2534,p
2535,e
2537,e
2539,e
2542,p
2543,p
2545,e
2549,e
2550,p
2551,e
2552,p
2553,e
2554,e
2559,p
2560,p
2563,e
2564,e
2565,e
2566,p
2568,p
2569,p
2570,p
2571,e
2572,p
2574,e
2577,e
2578,p
2579,e
2580,p
2584,e
2585,e
2586,e
2587,p
2588,p
2590,p
2591,e
2592,e
2600,e
2601,e
2602,e
2604,p
2606,e
2608,e
2611,e
2612,e
2613,e
2615,e
2616,p
2617,p
2618,e
2619,p
2620,e
2621,e
2623,p
2625,e
2626,e
2629,p
2630,p
2631,p
2632,e
2635,p
2636,p
2639,p
2640,p
2641,e
2643,p
2644,e
2645,p
2647,p
2648,e
2650,e
2652,e
2653,p
2655,p
2657,e
2658,e
2661,e
2663,p
2664,e
2667,e
2669,e
2670,p
2672,p
2676,p
2678,e
2682,p
2686,p
2689,p
2690,e
2693,p
2694,p
2696,e
2700,e
2701,p
2702,e
2703,e
2705,p
2706,p
2707,e
2708,e
2709,p
2713,e
2714,p
2716,e
2717,e
2718,p
2719,p
2720,e
2724,e
2726,p
2728,e
2729,p
2730,p
2731,e
2734,e
2735,e
2738,p
2740,e
2747,e
2749,e
2752,p
2753,e
2754,e
2755,p
2756,e
2758,e
2759,p
2760,p
2761,p
2762,p
2764,e
2768,p
2769,e
2772,e
2773,e
2774,e
2776,p
2777,e
2782,e
2784,e
2790,p
2793,p
2795,e
2796,e
2797,p
2799,p
2804,p
2805,p
2806,e
2812,p
2815,p
2817,e
2818,e
2819,e
2823,e
2824,p
2826,e
2828,e
2829,p
2830,p
2831,e
2832,p
2836,p
2838,p
2839,p
2841,p
2843,p
2846,p
2847,p
2848,p
2849,e
2851,e
2853,p
2854,p
2858,e
2859,e
2861,p
2865,p
2866,e
2868,p
2869,p
2872,p
2873,e
2875,e
2876,e
2877,p
2883,e
2884,e
2887,e
2888,p
2889,e
2890,e
2891,p
2892,e
2894,p
2895,p
2898,e
2899,e
2902,e
2905,p
2909,p
2911,p
2913,e
2915,p
2916,e
2917,p
2920,p
2921,e
2923,e
2929,e
2931,e
2932,p
2933,e
2936,e
2938,e
2939,p
2940,e
2942,e
2943,p
2944,p
2946,p
2948,p
2949,p
2951,p
2955,p
2958,p
2959,e
2962,e
2966,p
2967,e
2971,e
2972,p
2975,p
2976,e
2980,e
2983,e
2984,e
2986,e
2990,p
2994,e
2998,p
3000,e
3007,e
3009,e
3010,e
3013,e
3014,e
3016,p
3018,e
3019,p
3021,e
3025,e
3027,p
3028,e
3029,p
3030,p
3032,e
3034,e
3035,p
3036,e
3037,p
3039,e
3042,p
3043,e
3044,e
3046,p
3050,p
3051,p
3053,p
3054,p
3055,e
3059,e
3060,e
3063,e
3065,p
3066,p
3067,e
3069,e
3073,p
3074,p
3075,p
3079,p
3080,e
3081,p
3083,e
3086,p
3088,e
3090,e
3092,p
3093,p
3097,e
3098,e
3099,p
3100,p
3101,p
3104,p
3110,e
3112,e
3113,p
3117,p
3118,e
3119,e
3121,e
3124,p
3126,p
3130,e
3131,p
3132,p
3136,e
3138,e
3140,p
3147,p
3149,e
3150,e
3151,p
3152,p
3156,p
3157,e
3158,p
3160,p
3161,e
3162,e
3164,p
3166,e
3167,p
3169,e
3170,p
3171,p
3172,e
3175,e
3176,p
3180,e
3181,e
3182,e
3183,p
3184,p
3188,p
3192,e
3194,p
3197,p
3200,e
3202,p
3203,e
3207,e
3209,p
3212,p
3213,p
3214,p
3220,e
3222,p
3223,p
3225,e
3233,p
3234,e
3235,e
3239,e
3240,e
3241,p
3242,e
3243,e
3251,p
3253,p
3255,e
3260,p
3261,p
3262,e
3263,e
3266,e
3267,e
3269,p
3270,p
3276,p
3277,e
3281,p
3284,p
3286,e
3287,e
3289,e
3294,e
3296,p
3297,e
3302,p
3303,p
3304,e
3305,p
3307,e
3311,p
3312,e
3315,p
3318,e
3319,p
3320,p
3322,p
3323,e
3326,p
3327,e
3332,e
3335,e
3338,p
3341,p
3343,e
3345,p
3348,e
3350,e
3351,e
3352,p
3353,p
3354,e
3355,p
3357,p
3358,e
3359,p
3363,p
3365,e
3367,p
3368,p
3369,p
3373,p
3374,e
3375,p
3376,e
3378,e
3379,e
3380,p
3381,e
3382,e
3388,e
3389,e
3391,e
3397,p
3402,e
3403,e
3407,p
3408,e
3410,p
3411,e
3412,p
3414,e
3420,e
3424,e
3426,p
3427,p
3428,p
3429,e
3431,e
3432,p
3433,p
3434,p
3435,p
3439,e
3440,e
3443,p
3447,e
3448,p
3449,e
3453,p
3456,p
3457,p
3460,p
3461,p
3464,p
3471,e
3472,e
3473,p
3474,e
3476,e
3479,e
3480,p
3481,e
3482,p
3484,p
3485,p
3487,p
3488,p
3490,e
3493,p
3497,e
3498,e
3501,p
3503,p
3507,e
3508,p
3509,p
3514,p
3515,e
3517,p
3518,e
3519,p
3520,p
3522,e
3523,p
3524,p
3526,e
3528,p
3534,e
3535,p
3537,p
3538,p
3539,e
3540,e
3542,p
3544,e
3545,e
3551,e
3552,p
3553,p
3554,e
3558,p
3559,p
3563,e
3564,e
3565,e
3566,e
3568,p
3570,p
3571,e
3572,p
3573,p
3580,p
3581,p
3583,e
3584,e
3585,p
3586,p
3587,p
3594,p
3595,p
3597,e
3598,p
3601,e
3603,p
3605,p
3608,e
3609,e
3614,e
3615,e
3616,p
3617,e
3618,e
3619,e
3620,p
3626,p
3628,p
3629,p
3631,e
3634,e
3635,p
3636,e
3637,e
3638,e
3639,e
3640,p
3641,p
3643,e
3645,p
3646,e
3647,e
3648,e
3650,p
3651,e
3652,e
3653,p
3654,e
3655,e
3656,e
3657,e
3658,p
3660,p
3662,p
3663,e
3664,e
3667,e
3669,p
3671,p
3672,e
3673,e
3677,e
3679,e
3680,e
3681,e
3682,e
3683,p
3684,e
3687,p
3688,e
3689,e
3690,e
3691,p
3694,p
3696,e
3697,p
3698,p
3699,e
3700,p
3701,p
3705,e
3706,p
3709,p
3710,p
3711,e
3712,p
3714,e
3719,p
3723,p
3724,p
3725,e
3726,p
3728,e
3731,p
3733,e
3735,p
3736,e
3739,e
3740,e
3743,e
3744,e
3750,p
3753,p
3754,e
3756,e
3757,p
3759,p
3760,p
3761,e
3766,e
3768,e
3769,p
3771,e
3774,e
3775,p
3776,p
3777,p
3779,p
3780,p
3783,p
3784,e
3788,e
3789,p
3790,e
3791,e
3795,p
3803,p
3805,p
3807,p
3810,p
3812,p
3814,e
3822,e
3826,p
3828,e
3829,e
3833,e
3838,p
3840,p
3842,p
3844,e
3847,p
3848,e
3849,p
3850,e
3852,e
3855,p
3856,e
3858,p
3861,p
3862,p
3864,p
3865,p
3872,p
3873,p
3874,e
3875,p
3879,p
3883,e
3884,e
3885,e
3888,e
3890,p
3891,e
3894,e
3895,e
3896,p
3900,e
3902,p
3904,p
3906,p
3907,e
3908,e
3909,p
3910,p
3913,e
3914,p
3916,e
3921,e
3924,p
3925,p
3926,p
3927,p
3930,e
3931,p
3932,p
3935,p
3936,p
3937,e
3939,e
3943,e
3944,e
3950,e
3951,e
3953,p
3954,p
3955,e
3956,e
3957,e
3960,p
3964,e
3972,p
3974,p
3975,e
3976,e
3977,p
3978,p
3981,e
3986,p
3987,e
3989,p
3990,p
3991,p
3992,p
3993,p
3994,e
3996,e
3998,e
4001,p
4002,e
4003,e
4004,e
4008,p
4013,e
4015,e
4016,e
4017,p
4018,e
4019,e
4021,e
4024,e
4026,p
4029,p
4030,p
4031,e
4032,p
4034,p
4035,e
4036,p
4041,e
4045,e
4046,p
4050,e
4052,p
4053,e
4055,p
4059,p
4060,p
4061,e
4063,p
4064,e
4065,e
4068,e
4070,e
4074,e
4076,p
4083,p
4084,e
4085,e
4086,e
4088,e
4092,p
4095,e
4096,e
4097,e
4098,p
4100,e
4101,e
4105,e
4106,e
4109,p
4110,p
4111,p
4115,p
4117,p
4118,e
4119,e
4120,p
4121,p
4123,e
4125,p
4126,p
4127,e
4129,p
4130,e
4132,e
4133,e
4135,e
4136,p
4138,e
4139,e
4140,p
4141,p
4145,p
4148,e
4149,e
4152,e
4153,e
4156,e
4157,e
4160,e
4162,e
4164,p
4166,p
4167,p
4168,e
4169,p
4170,p
4172,p
4175,e
4178,e
4179,e
4183,p
4184,e
4185,p
4189,p
4193,p
4194,e
4196,e
4197,p
4198,e
4200,e
4202,e
4209,e
4213,e
4214,e
4216,p
4218,e
4220,e
4221,e
4222,e
4225,p
4228,e
4230,p
4231,e
4233,p
4234,p
4235,p
4237,p
4238,e
4240,e
4244,p
4245,e
4246,p
4247,p
4250,e
4252,p
4254,e
4255,e
4257,p
4258,e
4261,p
4265,p
4266,p
4269,p
4270,p
4271,e
4273,p
4275,e
4276,p
4278,p
4281,e
4282,p
4284,e
4285,e
4286,p
4288,p
4291,e
4298,e
4299,e
4301,p
4302,p
4303,p
4304,p
4308,p
4310,p
4311,p
4312,p
4313,e
4314,e
4316,p
4319,e
4320,p
4323,e
4324,e
4328,e
4337,e
4338,p
4339,e
4340,p
4341,p
4344,e
4346,e
4348,e
4349,p
4355,e
4357,e
4359,p
4360,e
4362,p
4364,p
4365,e
4367,e
4374,p
4375,e
4376,p
4379,p
4381,e
4382,p
4388,e
4389,e
4390,e
4391,e
4392,e
4394,e
4395,e
4397,e
4398,p
4399,e
4400,p
4401,e
4402,e
4404,p
4405,p
4406,p
4407,e
4408,e
4410,p
4411,e
4412,p
4413,p
4415,p
4418,e
4422,p
4424,e
4425,p
4426,e
4428,e
4429,p
4430,e
4433,p
4434,p
4439,p
4441,e
4443,p
4445,e
4446,e
4447,p
4448,e
4456,e
4458,p
4459,p
4463,e
4465,p
4472,p
4474,p
4475,p
4476,p
4477,p
4479,e
4481,e
4482,p
4486,e
4487,e
4488,e
4490,e
4492,p
4493,p
4494,p
4495,p
4498,p
4499,e
4500,p
4501,e
4502,e
4504,e
4506,p
4507,e
4508,e
4511,p
4512,e
4513,p
4514,p
4518,p
4519,p
4520,p
4521,p
4523,e
4527,e
4530,e
4532,e
4539,p
4540,p
4542,e
4543,e
4548,e
4549,e
4551,p
4553,p
4554,e
4556,e
4557,p
4559,e
4561,p
4565,p
4568,p
4576,p
4577,p
4578,e
4579,e
4581,p
4582,p
4583,p
4585,p
4586,e
4589,p
4592,p
4595,p
4596,p
4597,e
4601,e
4603,p
4606,p
4608,e
4609,p
4610,e
4612,p
4613,e
4615,p
4616,e
4617,p
4619,p
4622,p
4623,e
4624,e
4625,e
4626,p
4629,e
4630,p
4633,e
4634,p
4638,p
4639,e
4641,p
4642,e
4643,e
4644,p
4646,e
4649,e
4654,p
4655,e
4656,p
4658,p
4659,p
4660,e
4661,p
4663,e
4664,p
4665,e
4666,e
4668,e
4671,e
4672,e
4673,e
4674,p
4675,p
4676,p
4677,e
4678,e
4681,e
4683,e
4685,e
4686,p
4687,p
4688,e
4692,e
4694,p
4695,e
4696,p
4697,e
4700,e
4701,p
4705,p
4706,e
4707,p
4711,p
4713,p
4715,p
4716,e
4717,e
4719,e
4721,p
4725,e
4727,p
4730,p
4731,e
4732,p
4734,e
4737,e
4739,e
4740,e
4743,e
4744,e
4747,e
4749,e
4750,p
4752,p
4753,e
4755,p
4757,p
4760,e
4761,e
4763,p
4764,p
4766,e
4769,e
4770,e
4771,p
4772,e
4773,e
4778,e
4779,p
4780,e
4781,e
4782,e
4783,p
4784,e
4786,e
4788,e
4794,p
4797,p
4798,p
4799,p
4800,e
4802,e
4804,p
4807,e
4808,p
4809,p
4812,p
4813,e
4816,e
4821,p
4824,p
4826,p
4827,p
4831,e
4832,e
4836,e
4838,p
4839,p
4840,e
4842,p
4844,p
4846,e
4847,p
4848,e
4849,e
4852,p
4853,e
4854,p
4855,p
4857,p
4858,e
4861,e
4864,e
4865,p
4869,e
4871,p
4872,e
4873,e
4874,e
4875,p
4880,p
4886,e
4887,p
4890,e
4891,e
4892,p
4894,e
4895,p
4897,p
4899,p
4900,p
4901,p
4902,e
4904,p
4906,p
4908,e
4911,e
4912,e
4915,p
4916,e
4918,p
4919,e
4920,p
4921,p
4922,e
4925,e
4928,p
4929,p
4932,e
4936,e
4937,p
4938,e
4941,p
4942,p
4943,p
4944,e
4945,e
4947,e
4948,e
4956,e
4957,p
4958,p
4960,p
4962,p
4963,p
4964,e
4965,e
4967,e
4973,p
4974,e
4976,p
4977,p
4978,p
4979,e
4982,e
4986,e
4987,p
4990,e
4991,p
4992,e
4993,e
4994,e
4995,e
4996,p
5001,p
5002,p
5006,p
5007,p
5010,e
5013,p
5014,e
5016,p
5018,p
5020,p
5022,p
5023,e
5024,e
5030,e
5031,e
5032,e
5033,e
5035,p
5036,p
5038,p
5040,e
5045,e
5047,p
5048,e
5051,e
5053,p
5054,p
5058,p
5059,p
5060,e
5061,e
5063,p
5064,p
5065,p
5066,p
5067,p
5069,p
5073,e
5075,p
5078,p
5081,p
5085,e
5087,e
5091,e
5092,e
5093,e
5094,p
5095,e
5097,p
5099,e
5101,p
5105,p
5110,p
5111,e
5114,e
5117,p
5119,p
5121,e
5128,p
5129,p
5133,p
5134,e
5135,e
5136,e
5138,p
5139,e
5140,p
5143,p
5147,p
5148,p
5150,e
5152,p
5155,e
5160,e
5164,p
5165,p
5166,p
5167,e
5169,e
5174,e
5175,p
5176,e
5177,p
5178,e
5183,e
5186,p
5187,e
5189,e
5190,p
5191,p
5193,e
5194,p
5196,e
5197,e
5198,e
5210,e
5211,p
5214,e
5215,p
5220,p
5221,e
5223,e
5224,e
5225,e
5227,p
5233,p
5234,p
5236,e
5242,p
5243,p
5244,p
5246,p
5247,e
5248,e
5253,p
5254,e
5255,p
5256,p
5257,p
5258,p
5260,p
5266,p
5267,e
5270,e
5274,e
5275,p
5279,e
5280,e
5281,p
5282,p
5284,e
5286,e
5287,e
5291,p
5292,e
5295,e
5296,p
5297,e
5300,p
5301,e
5304,p
5306,p
5307,p
5313,e
5314,p
5316,e
5318,e
5319,p
5322,p
5325,e
5326,e
5327,p
5328,p
5329,e
5331,e
5332,p
5336,e
5338,e
5340,e
5341,e
5342,p
5348,p
5349,p
5350,e
5351,e
5352,p
5353,e
5354,e
5355,p
5357,p
5358,p
5359,p
5362,e
5363,p
5364,p
5365,p
5366,e
5367,p
5369,e
5371,p
5372,e
5373,e
5376,p
5377,e
5378,p
5379,e
5380,p
5381,e
5383,p
5384,p
5386,p
5387,p
5388,e
5395,e
5396,p
5397,e
5399,p
5406,p
5409,p
5413,p
5414,e
5415,p
5416,e
5417,e
5418,e
5419,e
5420,e
5422,p
5423,e
5424,e
5426,e
5427,e
5428,e
5430,p
5431,e
5432,p
5433,p
5435,e
5436,p
5437,p
5439,e
5445,e
5449,e
5450,e
5451,p
5452,p
5454,e
5455,e
5456,e
5458,p
5459,e
5460,e
5462,p
5463,p
5466,e
5467,e
5468,e
5469,e
5470,e
5472,e
5473,e
5475,p
5476,p
5478,p
5480,e
5481,e
5482,e
5483,p
5484,e
5486,p
5488,e
5489,p
5493,p
5495,e
5504,e
5506,p
5510,p
5511,e
5515,e
5516,p
5518,e
5519,e
5520,p
5523,p
5524,p
5526,e
5527,e
5528,e
5530,e
5542,p
5543,p
5544,p
5545,e
5546,e
5553,e
5554,p
5556,e
5558,e
5559,p
5560,p
5561,e
5563,e
5564,e
5565,e
5567,p
5568,e
5570,e
5571,p
5572,p
5574,e
5575,e
5577,p
5583,e
5585,p
5586,p
5587,p
5588,e
5589,p
5590,e
5591,e
5592,e
5594,p
5595,e
5597,e
5598,p
5599,p
5600,e
5602,e
5605,p
5606,e
5607,p
5608,e
5609,p
5614,e
5615,p
5619,e
5621,e
5622,e
5625,e
5626,e
5628,e
5629,e
5631,p
5633,p
5636,p
5639,p
5640,e
5642,p
5645,p
5648,p
5650,e
5651,p
5655,p
5656,e
5658,p
5665,p
5667,e
5668,e
5669,p
5671,p
5678,e
5680,e
5682,p
5683,e
5684,p
5685,p
5686,e
5687,e
5688,p
5689,e
5694,p
5695,e
5697,p
5699,e
5702,p
5707,p
5712,e
5716,e
5717,p
5721,e
5723,p
5728,e
5731,e
5732,p
5733,e
5734,e
5737,e
5741,p
5743,p
5744,p
5745,p
5748,e
5750,p
5751,p
5752,p
5753,e
5754,e
5757,p
5762,e
5765,p
5767,e
5771,e
5775,p
5776,e
5777,p
5780,e
5782,e
5783,e
5787,e
5788,e
5789,e
5790,e
5791,p
5792,p
5793,e
5796,e
5797,e
5798,p
5799,e
5803,e
5804,e
5805,e
5806,p
5807,e
5808,p
5809,p
5811,p
5812,p
5813,p
5817,p
5820,p
5822,e
5826,e
5828,p
5830,e
5832,p
5833,e
5834,e
5835,p
5836,p
5838,p
5841,e
5843,p
5844,e
5845,e
5847,e
5848,p
5852,e
5854,p
5855,p
5856,p
5858,p
5859,p
5860,p
5861,e
5866,p
5868,e
5869,e
5870,p
5871,p
5872,e
5875,e
5877,p
5878,e
5879,e
5880,e
5881,p
5885,p
5886,e
5887,e
5888,p
5889,p
5891,p
5892,p
5893,e
5897,p
5898,p
5902,p
5903,e
5904,e
5907,e
5909,e
5914,p
5916,p
5917,e
5920,p
5922,p
5923,e
5925,e
5927,e
5928,e
5931,e
5932,p
5934,e
5935,p
5938,p
5941,e
5942,p
5946,p
5949,p
5951,e
5952,e
5957,p
5958,e
5959,e
5962,p
5964,p
5965,e
5968,e
5969,p
5971,p
5972,e
5976,p
5980,e
5981,p
5982,e
5983,e
5986,p
5988,p
5990,e
5991,p
5994,p
5997,e
5998,e
6002,p
6003,p
6005,p
6008,e
6013,e
6014,e
6018,p
6019,e
6023,p
6024,p
6025,p
6027,e
6032,p
6035,p
6039,e
6040,e
6041,e
6043,p
6044,p
6045,e
6049,e
6050,p
6051,p
6055,p
6058,e
6059,e
6060,p
6061,p
6065,e
6068,p
6072,p
6073,p
6076,p
6077,e
6078,e
6079,p
6083,e
6084,e
6085,e
6086,e
6087,e
6088,e
6100,e
6104,e
6106,p
6109,e
6111,e
6112,p
6113,e
6115,e
6121,p
6126,p
6129,p
6131,p
6133,p
6134,e
6135,p
6136,e
6139,e
6140,p
6142,p
6144,e
6146,p
6147,e
6149,p
6150,p
6156,e
6159,p
6161,e
6162,p
6166,p
6168,p
6169,e
6174,e
6178,e
6181,p
6183,p
6184,e
6189,p
6191,p
6193,e
6196,e
6197,p
6198,p
6199,e
6200,e
6201,p
6202,p
6204,e
6206,p
6207,p
6210,e
6211,p
6212,p
6214,e
6215,p
6217,p
6219,e
6220,p
6221,e
6222,e
6223,p
6224,e
6225,e
6226,e
6227,e
6228,e
6229,e
6230,e
6231,e
6233,e
6236,p
6238,e
6239,e
6243,e
6244,p
6247,p
6249,e
6251,p
6254,e
6259,e
6262,e
6263,e
6264,p
6266,e
6268,e
6269,e
6270,p
6274,p
6276,e
6277,e
6279,p
6280,e
6283,e
6285,p
6286,p
6289,e
6292,e
6293,e
6294,e
6296,p
6300,p
6301,p
6302,p
6306,e
6311,p
6312,p
6315,p
6317,p
6318,p
6319,p
6321,p
6322,e
6323,e
6327,p
6328,p
6332,p
6333,e
6334,e
6336,p
6337,e
6338,e
6339,e
6340,p
6344,e
6345,p
6346,e
6349,e
6350,e
6353,p
6357,p
6358,p
6359,e
6363,p
6364,p
6365,e
6366,e
6368,p
6371,e
6372,e
6373,e
6374,e
6375,p
6377,e
6380,p
6381,e
6382,p
6383,e
6384,p
6387,p
6389,e
6390,e
6391,p
6392,e
6395,p
6396,p
6397,p
6400,e
6401,p
6402,e
6403,p
6406,e
6409,p
6411,e
6412,p
6413,p
6414,p
6416,e
6418,p
6420,p
6423,p
6433,e
6438,e
6439,e
6440,e
6441,p
6443,e
6444,p
6447,p
6449,e
6451,p
6452,p
6453,p
6454,p
6457,p
6459,e
6463,p
6464,e
6465,e
6466,p
6468,p
6471,p
6472,p
6473,p
6475,p
6478,e
6482,p
6487,e
6488,e
6491,e
6492,p
6494,e
6497,e
6498,p
6500,e
6504,p
6507,p
6508,e
6510,p
6511,e
6512,p
6518,e
6520,p
6522,p
6526,p
6527,p
6528,e
6529,p
6532,p
6539,e
6541,p
6545,e
6546,p
6548,e
6549,e
6550,e
6551,p
6555,p
6556,p
6559,e
6560,e
6562,p
6563,p
6568,e
6569,p
6571,e
6572,p
6574,e
6576,p
6577,e
6579,e
6581,p
6582,e
6583,p
6584,p
6586,p
6587,e
6589,p
6591,p
6595,e
6596,p
6597,e
6602,e
6603,p
6608,p
6609,e
6610,e
6611,p
6614,e
6616,p
6620,e
6622,e
6623,p
6626,p
6630,p
6631,p
6632,e
6633,p
6635,e
6638,e
6641,p
6643,e
6644,p
6645,p
6647,p
6652,p
6655,e
6656,e
6657,p
6658,p
6659,p
6660,e
6661,e
6662,p
6663,p
6664,e
6665,p
6666,p
6670,p
6671,e
6672,p
6673,p
6674,e
6677,p
6681,e
6682,p
6683,p
6684,e
6686,e
6688,p
6693,e
6694,e
6696,e
6697,e
6699,p
6701,p
6702,e
6706,e
6708,e
6710,p
6714,e
6715,p
6717,e
6718,e
6719,e
6720,p
6721,p
6723,p
6725,p
6727,e
6728,p
6730,p
6733,e
6734,e
6736,p
6740,e
6741,e
6742,e
6748,e
6749,e
6750,p
6752,p
6753,p
6756,e
6759,p
6760,p
6762,p
6763,p
6766,p
6767,p
6768,e
6769,e
6770,p
6771,e
6774,e
6778,p
6779,p
6780,p
6782,e
6783,p
6786,e
6788,e
6791,p
6792,p
6794,e
6796,p
6798,p
6799,p
6801,e
6802,p
6804,e
6805,e
6806,e
6807,p
6810,e
6812,e
6813,e
6815,p
6816,p
6817,e
6818,e
6821,p
6826,p
6828,p
6829,e
6830,p
6831,e
6832,e
6836,e
6837,p
6839,e
6841,p
6842,p
6843,e
6847,p
6848,e
6850,p
6852,p
6853,e
6855,p
6857,p
6859,e
6861,e
6864,e
6865,e
6866,p
6868,e
6875,p
6880,p
6881,e
6882,e
6884,e
6888,p
6894,p
6896,p
6897,p
6899,p
6900,p
6902,e
6904,p
6905,e
6908,e
6909,p
6911,p
6916,p
6918,e
6919,p
6920,p
6924,p
6925,e
6927,e
6932,p
6933,e
6937,e
6940,e
6941,p
6944,p
6946,e
6948,p
6951,p
6954,e
6955,p
6956,e
6957,e
6958,p
6961,e
6962,p
6963,p
6965,p
6966,e
6967,p
6970,e
6971,p
6975,p
6977,e
6979,e
6982,e
6983,e
6985,e
6986,e
6989,e
6991,p
6992,p
6993,e
6997,p
6998,p
7000,e
7002,e
7003,p
7004,e
7005,p
7006,p
7010,e
7014,e
7016,p
7018,p
7019,p
7023,p
7024,e
7025,e
7029,p
7030,p
7031,p
7035,p
7037,e
7039,p
7041,e
7042,p
7044,p
7047,e
7049,p
7050,e
7051,p
7052,e
7053,p
7055,p
7056,p
7059,e
7060,p
7061,p
7064,p
7066,p
7067,p
7068,p
7069,e
7072,p
7079,p
7080,p
7081,p
7082,e
7083,p
7085,e
7086,p
7087,e
7088,e
7090,e
7096,e
7104,p
7105,p
7106,e
7107,e
7109,p
7110,e
7113,e
7114,p
7115,p
7116,e
7117,e
7118,p
7120,e
7121,e
7123,p
7124,e
7126,e
7128,p
7131,e
7132,e
7133,p
7135,e
7137,p
7138,e
7140,p
7145,e
7147,p
7149,p
7150,p
7151,p
7153,p
7154,p
7158,p
7162,p
7164,e
7166,p
7169,e
7175,e
7176,p
7177,e
7178,p
7180,e
7182,e
7183,p
7186,e
7188,e
7189,p
7191,p
7192,p
7195,e
7198,e
7199,e
7201,e
7205,e
7212,p
7214,p
7215,e
7216,e
7218,e
7223,e
7227,p
7228,p
7232,p
7236,e
7237,e
7239,p
7240,e
7243,e
7247,p
7251,p
7256,e
7257,e
7258,e
7261,e
7267,p
7271,e
7272,e
7277,e
7279,e
7280,p
7281,p
7283,p
7284,p
7285,e
7293,p
7294,p
7295,p
7300,e
7301,p
7303,p
7304,p
7306,p
7307,e
7308,e
7311,e
7313,p
7314,e
7320,p
7321,p
7322,e
7325,e
7328,e
7330,e
7332,e
7333,p
7336,p
7337,p
7338,e
7340,e
7342,p
7348,e
7349,p
7350,p
7354,p
7355,e
7356,p
7357,p
7359,p
7360,p
7363,e
7370,e
7371,p
7374,e
7379,e
7381,e
7382,p
7383,p
7388,p
7390,p
7392,e
7394,p
7398,p
7399,e
7400,p
7401,p
7403,p
7404,p
7405,p
7407,p
7409,e
7410,e
7411,p
7412,p
7413,p
7415,p
7419,p
7420,p
7423,e
7424,e
7426,e
7427,e
7429,e
7431,e
7434,e
7435,e
7436,e
7439,e
7440,e
7442,e
7443,p
7445,p
7449,e
7453,e
7459,p
7460,e
7462,p
7464,p
7466,p
7467,p
7469,e
7471,p
7473,p
7474,p
7477,e
7479,e
7480,e
7484,e
7485,p
7486,e
7487,e
7491,e
7492,e
7493,e
7494,e
7496,e
7498,e
7499,p
7502,p
7503,e
7504,p
7505,p
7506,e
7507,e
7508,p
7509,e
7514,e
7515,e
7516,p
7517,p
7519,e
7532,p
7533,e
7534,p
7535,e
7537,e
7541,e
7544,e
7547,e
7548,p
7550,e
7551,p
7553,p
7554,e
7556,e
7559,p
7560,p
7561,p
7562,e
7565,e
7566,p
7567,e
7568,e
7569,e
7570,e
7571,p
7572,p
7573,p
7576,p
7577,p
7578,e
7580,p
7582,e
7584,e
7585,e
7586,p
7588,p
7590,p
7592,e
7593,p
7596,e
7598,p
7600,p
7602,e
7604,p
7605,e
7607,p
7608,p
7609,p
7611,e
7613,e
7615,p
7616,e
7618,p
7624,e
7625,e
7626,e
7627,e
7628,e
7629,p
7630,e
7631,e
7633,p
7634,p
7636,e
7638,e
7639,e
7645,p
7646,e
7647,p
7650,e
7651,p
7652,e
7653,p
7657,e
7658,p
7663,p
7664,e
7665,e
7666,p
7671,e
7675,p
7676,e
7678,e
7681,e
7685,e
7686,p
7688,e
7689,p
7694,e
7698,e
7705,e
7706,e
7708,e
7711,p
7714,p
7715,p
7716,p
7718,p
7723,p
7725,p
7726,p
7727,p
7728,e
7729,e
7733,e
7734,p
7735,e
7738,e
7739,p
7740,e
7744,e
7745,p
7746,p
7751,e
7752,e
7753,p
7755,e
7760,e
7761,p
7764,e
7770,p
7772,e
7775,p
7777,e
7779,p
7780,e
7781,e
7784,e
7786,p
7791,p
7792,e
7794,e
7796,p
7797,e
7799,e
7801,e
7804,p
7808,p
7810,e
7811,e
7812,e
7813,p
7814,e
7816,e
7819,p
7821,p
7822,e
7826,p
7828,e
7829,e
7831,p
7832,e
7839,p
7840,e
7842,e
7843,p
7845,p
7846,e
7847,e
7850,e
7853,e
7854,e
7855,e
7856,p
7858,e
7859,p
7861,e
7863,p
7864,e
7865,e
7866,e
7869,p
7870,e
7876,e
7878,e
7885,p
7888,e
7894,p
7895,e
7896,p
7898,p
7899,p
7900,e
7901,p
7902,p
7903,e
7908,p
7910,e
7911,e
7912,e
7915,p
7916,e
7919,e
7920,e
7921,e
7923,e
7928,p
7929,e
7932,p
7936,p
7937,p
7939,p
7941,e
7942,p
7944,e
7946,e
7949,e
7950,p
7951,e
7955,p
7956,e
7958,p
7959,e
7960,p
7963,e
7966,p
7968,p
7970,e
7971,p
7973,e
7975,e
7976,e
7977,p
7981,p
7982,e
7984,p
7988,p
7990,p
7993,e
7994,e
7995,e
7996,p
7998,p
8001,p
8003,p
8004,p
8005,e
8006,e
8007,p
8009,p
8010,p
8011,e
8012,e
8013,p
8014,e
8017,e
8018,p
8021,e
8026,p
8028,p
8029,e
8032,e
8035,e
8037,p
8040,e
8041,p
8042,e
8044,e
8045,e
8047,p
8048,e
8050,p
8051,p
8055,e
8058,e
8060,p
8061,e
8063,e
8064,p
8067,e
8072,p
8073,e
8076,p
8080,p
8081,p
8085,p
8086,p
8087,e
8088,e
8089,p
8091,p
8094,p
8096,e
8099,e
8100,p
8101,p
8102,e
8104,p
8107,p
8108,p
8111,p
8112,p
8114,p
8115,e
8116,p
8119,e
8120,e
8122,e
8123,e
